-- phpMyAdmin SQL Dump
-- version 4.3.12
-- http://www.phpmyadmin.net
--
-- Хост: localhost
-- Время создания: Мар 24 2015 г., 10:02
-- Версия сервера: 5.5.37-0ubuntu0.13.10.1
-- Версия PHP: 5.5.3-1ubuntu2.6

SET SQL_MODE = "NO_AUTO_VALUE_ON_ZERO";
SET time_zone = "+00:00";


/*!40101 SET @OLD_CHARACTER_SET_CLIENT = @@CHARACTER_SET_CLIENT */;
/*!40101 SET @OLD_CHARACTER_SET_RESULTS = @@CHARACTER_SET_RESULTS */;
/*!40101 SET @OLD_COLLATION_CONNECTION = @@COLLATION_CONNECTION */;
/*!40101 SET NAMES utf8 */;

--
-- База данных: `autocapital`
--
USE autocapital;

--
-- Дамп данных таблицы `activities`
--

INSERT INTO `activities` (`id`, `title`, `parent`) VALUES
  (1, 'Легкові автомобілі', NULL),
  (2, 'Ванатажні автомобілі', NULL),
  (3, 'Автобуси', NULL),
  (4, 'Мікроавтобуси', NULL),
  (5, 'AMG', NULL),
  (6, 'Спец техніка', NULL);

--
-- Дамп данных таблицы `brands`
--

INSERT INTO `brands` (`id`,`title`, `old_id`) VALUES
  (1, 'Chery', 253990),
  (2, 'Chevrolet', 693),
  (3, 'DAEWOO', 695),
  (4, 'EVOBUS', NULL),
  (5, 'KIA', 881),
  (6, 'Maybach', NULL),
  (7, 'Mercedes-Benz', NULL),
  (8, 'Mitshubishi FUSO', NULL),
  (9, 'Opel', 692),
  (10, 'Smart FUSO', NULL),
  (11, 'ZAZ', 694),
  (12, 'Майбутні директора', 253986),
  (13, 'Первинне тестування', 253988);


--
-- Дамп данных таблицы `company`
--

INSERT INTO `company` (`id`, `title`) VALUES
  (1, 'АвтоЗАЗ-Сервіс'),
  (2, 'Автокапітал'),
  (3, 'Дженерал Автогруп'),
  (4, 'Фалькон-Авто');


--
-- Дамп данных таблицы `company_activities`
--

--
-- Дамп данных таблицы `dealer_statuses`
--

INSERT INTO `dealer_statuses` (`id`, `title`) VALUES
  (1, 'Корпоративний'),
  (2, 'Приватний'),
  (3, 'Дистрибюторська компанія'),
  (4, 'Центральний офіс');

--
-- Дамп данных таблицы `direction_study_groups`
--

INSERT INTO `direction_study_groups` (`id`, `title`) VALUES
  (1, 'Основні'),
  (2, 'Інші');

--
-- Дамп данных таблицы `groups`
--

INSERT INTO `groups` (`id`, `title`) VALUES
  (1, 'Адміністратор'),
  (2, 'Супервізор'),
  (3, 'Контролер'),
  (4, 'Методист'),
  (5, 'Студент'),
  (6, 'Не визначена');

--
-- Дамп даних таблиці `educations`
--

INSERT INTO `educations` (`id`, `title`, `parent_id`, `old_id`) VALUES
  (1, 'Без освіти', NULL, 1),
  (2, 'Загальна середня', NULL, 2),
  (3, 'Професійно-технічна', NULL, 3),
  (4, 'Неповна вища', NULL, 4),
  (5, 'Базова вища', NULL, 5),
  (6, 'Повна вища', NULL, 6),
  (7, 'Кваліфікований працівник', 3, 7),
  (8, 'Молодший спеціаліст', 3, 8),
  (9, 'Старший спеціаліст', 4, 9),
  (10, 'Бакалавр', 5, 10),
  (11, 'Спеціаліст', 6, 11),
  (12, 'Магістр', 6, 12);


--
-- Дамп данных таблицы `users`
--
INSERT INTO `users` (`id`, `login`, `password`, `salt`, `name`, `last_name`, `second_name`, `email`, `is_male`, `date_registration`, `birthday`, `phome`, `pmobile`, `address_home`, `photo_src`, `old_id`, `is_active`)
VALUES
  ('1', 'autocapital', '7aeec926380daa14284e51093b31a189', NULL, 'AutoCapital', 'Methodist', 'for',
   'autocapital@ukravto.ua', NULL, '2015-05-05 09:06:14', NULL, NULL, '', NULL, NULL, NULL, 1);

--
-- Дамп данных таблицы `user_groups`
--
INSERT INTO `user_groups` (`user_id`, `group_id`) VALUES
  (1, 4);

--
-- Дамп данных таблицы `activities_methodists`
--
INSERT INTO `activities_methodists` (`activity_id`, `user_id`) VALUES
  (1, 1),
  (2, 1),
  (3, 1),
  (4, 1),
  (5, 1),
  (6, 1);

--
-- Дамп данных таблицы `brands_methodists`
--
INSERT INTO `brands_methodists` (`brand_id`, `user_id`) VALUES
  (4, 1),
  (6, 1),
  (7, 1),
  (8, 1),
  (10, 1);

--
-- Дамп данных таблицы `region`
--

INSERT INTO `region` (`id`, `name`, `old_id`) VALUES
  (1, 'Вінницька', 135),
  (2, 'Волинська', 136),
  (3, 'Дніпропетровська', 137),
  (4, 'Донецька', 138),
  (5, 'Житомирська', 139),
  (6, 'Закарпатська', 140),
  (7, 'Запорізька', 141),
  (8, 'Івано-Франківська', 142),
  (9, 'Київська', 143),
  (10, 'Кіровоградська', 144),
  (11, 'АР Крим', 145),
  (12, 'Луганська', 146),
  (13, 'Львівська', 147),
  (14, 'Миколаївська', 148),
  (15, 'Одеська', 149),
  (16, 'Полтавська', 150),
  (17, 'Рівненська', 151),
  (18, 'Сумська', 152),
  (19, 'Тернопільська', 153),
  (20, 'Харківська', 154),
  (21, 'Херсонська', 155),
  (22, 'Хмельницька', 156),
  (23, 'Черкаська', 157),
  (24, 'Чернігівська', 158),
  (25, 'Чернівецька', 159);


-- Дамп данных таблицы `city`
--

INSERT INTO `city` (`id`, `region_id`, `name`, `phone_code`) VALUES
  (1, 13, 'Яворів', '3259'),
  (2, 9, 'Яготин', '4575'),
  (3, 7, 'Якимівка', '6131'),
  (4, 11, 'Ялта', '654'),
  (5, 4, 'Ялта', '6297'),
  (6, 1, 'Ямпіль', '4336'),
  (7, 18, 'Ямпіль', '5456'),
  (8, 8, 'Яремче', '3434'),
  (9, 22, 'Ярмолинці', '3853'),
  (10, 4, 'Ясинувата', '6236'),
  (11, 3, 'Юр’ївка', '5635'),
  (12, 11, 'Новоозерне', '6569'),
  (13, 12, 'Новопсков', '6463'),
  (14, 25, 'Новоселиця', '3733'),
  (15, 21, 'Новотроїцьке', '5548'),
  (16, 10, 'Новоукраїнка', '5251'),
  (17, 13, 'Новояворівськ', '3256'),
  (18, 24, 'Носівка', '4642'),
  (19, 23, 'Жашків', '4747'),
  (20, 13, 'Жидачів', '3239'),
  (21, 5, 'Житомир', '41"2"'),
  (22, 1, 'Жмеринка', '4332'),
  (23, 13, 'Жовква', '3252'),
  (24, 3, 'Жовті Води', '5652'),
  (25, 8, 'Заболотів', '3476'),
  (26, 19, 'Заліщики', '3554'),
  (27, 7, 'Запоріжжя', '61, 61"'),
  (28, 17, 'Зарічне', '3632'),
  (29, 25, 'Заставна', '3737'),
  (30, 15, 'Затока', '4849'),
  (31, 20, 'Зачепилівка', '5761'),
  (32, 19, 'Збараж', '3550'),
  (33, 19, 'Зборів', '3540'),
  (34, 23, 'Звенигородка', '4740'),
  (35, 9, 'Згурівка', '4570'),
  (36, 17, 'Здолбунів', '3652'),
  (37, 16, 'Зіньків', '5353'),
  (38, 20, 'Зміїв', '5747'),
  (39, 10, 'Знам’янка', '5233'),
  (40, 23, 'Золотоноша', '4737'),
  (41, 13, 'Золочів', '3265'),
  (42, 20, 'Золочів', '5764'),
  (43, 20, 'Дворічна', '5750'),
  (44, 4, 'Дебальцеве', '6249'),
  (45, 8, 'Делятин', '3475'),
  (46, 17, 'Демидівка', '3637'),
  (47, 22, 'Деражня', '3856'),
  (48, 20, 'Дергачі', '5763'),
  (49, 24, 'Десна', '4646'),
  (50, 11, 'Джанкой', '6564'),
  (51, 4, 'Дзержинськ', '6247'),
  (52, 5, 'Дзержинськ', '4146'),
  (53, 16, 'Диканька', '5351'),
  (54, 9, 'Димер', '4496'),
  (55, 3, 'Дніпродзержинськ', '569, 56'),
  (56, 3, 'Дніпропетровськ', '56, 56"'),
  (57, 7, 'Дніпрорудне', '6175'),
  (58, 10, 'Добровеличківка', '5253'),
  (59, 4, 'Добропілля', '6277'),
  (60, 4, 'Докучаєвськ', '6275'),
  (61, 8, 'Долина', '3477'),
  (62, 10, 'Долинська', '5234'),
  (63, 14, 'Доманівка', '5152'),
  (64, 4, 'Донецьк', '62'),
  (65, 23, 'Драбів', '4738'),
  (66, 13, 'Дрогобич', '3244'),
  (67, 4, 'Дружківка', '6267'),
  (68, 17, 'Дубно', '3656'),
  (69, 17, 'Дубровиця', '3658'),
  (70, 22, 'Дунаївці', '3858'),
  (71, 7, 'Енергодар', '6139'),
  (72, 20, 'Валки', '5753'),
  (73, 1, 'Вапнярка', '4350'),
  (74, 24, 'Варва', '4636'),
  (75, 7, 'Василівка', '6175'),
  (76, 9, 'Васильків', '4571'),
  (77, 3, 'Васильківка', '5639'),
  (78, 23, 'Ватутіне', '4740'),
  (79, 16, 'Велика Багачка', '5345'),
  (80, 7, 'Велика Білозерка', '6156'),
  (81, 21, 'Велика Лепетиха', '5543'),
  (82, 15, 'Велика Михайлівка', '4859'),
  (83, 4, 'Велика Новосілка', '6243'),
  (84, 21, 'Велика Олександрівка', '5532'),
  (85, 18, 'Велика Писарівка', '5457'),
  (86, 6, 'Великий Березний', '3135'),
  (87, 20, 'Великий Бурлук', '5752'),
  (88, 21, 'Верхній Рогачик', '5545'),
  (89, 3, 'Верхньодніпровськ', '5658'),
  (90, 8, 'Верховина', '3432'),
  (91, 7, 'Веселе', '6136'),
  (92, 14, 'Веселинове', '5163'),
  (93, 25, 'Вижниця', '3730'),
  (94, 15, 'Вилкове', '4843'),
  (95, 6, 'Виноградів', '3143'),
  (96, 21, 'Високопілля', '5535'),
  (97, 9, 'Вишгород', '4596'),
  (98, 9, 'Вишневе', '4598'),
  (99, 3, 'Вільногірськ', '5653'),
  (100, 7, 'Вільнянськ', '6143'),
  (101, 10, 'Вільшанка', '5250'),
  (102, 16, 'Гадяч', '5354'),
  (103, 10, 'Гайворон', '5254'),
  (104, 1, 'Гайсин', '4334'),
  (105, 8, 'Галич', '3431'),
  (106, 11, 'Гаспра', '654'),
  (107, 21, 'Генічеськ', '5534'),
  (108, 25, 'Герца', '3740'),
  (109, 9, 'Глеваха', '4471'),
  (110, 25, 'Глибока', '3734'),
  (111, 16, 'Глобине', '5365'),
  (112, 18, 'Глухів', '5444'),
  (113, 1, 'Гнівань', '4355'),
  (114, 21, 'Гола Пристань', '5539'),
  (115, 10, 'Голованівськ', '5252'),
  (116, 4, 'Горлівка', '624, 62'),
  (117, 21, 'Горностаївка', '5544'),
  (118, 8, 'Городенка', '3430'),
  (119, 23, 'Городище', '4734'),
  (120, 24, 'Городня', '4645'),
  (121, 13, 'Городок', '3231'),
  (122, 22, 'Городок', '3851'),
  (123, 2, 'Горохів', '3379'),
  (124, 9, 'Гостомель', '4497'),
  (125, 17, 'Гоща', '3650'),
  (126, 16, 'Гребінка', '5359'),
  (127, 9, 'Гребінки', '4471'),
  (128, 7, 'Гуляйполе', '6145'),
  (129, 11, 'Гурзуф', '654'),
  (130, 19, 'Гусятин', '3557'),
  (131, 11, 'Алупка', '0654'),
  (132, 11, 'Алушта', '6560'),
  (133, 12, 'Алчевськ', '6442'),
  (134, 4, 'Амвросіївка', '6259'),
  (135, 15, 'Ананьїв', '4863'),
  (136, 5, 'Андрушівка', '4136'),
  (137, 12, 'Антрацит', '6431'),
  (138, 3, 'Апостолове', '5656'),
  (139, 14, 'Арбузинка', '5132'),
  (140, 11, 'Армянськ', '6567'),
  (141, 4, 'Артемівськ', '627, 62'),
  (142, 15, 'Арциз', '4845'),
  (143, 21, 'Асканія-Нова', '5538'),
  (144, 20, 'Балаклія', '5749'),
  (145, 15, 'Балта', '4866'),
  (146, 1, 'Бар', '4341'),
  (147, 5, 'Баранівка', '4144'),
  (148, 20, 'Барвінкове', '5757'),
  (149, 9, 'Баришівка', '4576'),
  (150, 24, 'Батурин', '4635'),
  (151, 24, 'Бахмач', '4635'),
  (152, 11, 'Бахчисарай', '6554'),
  (153, 14, 'Баштанка', '5158'),
  (154, 5, 'Бердичів', '4143'),
  (155, 7, 'Бердянськ', '6153'),
  (156, 6, 'Берегове', '3141'),
  (157, 19, 'Бережани', '3548'),
  (158, 14, 'Березанка', '5153'),
  (159, 9, 'Березань', '4476'),
  (160, 15, 'Березівка', '4856'),
  (161, 17, 'Березне', '3653'),
  (162, 14, 'Березнегувате', '5168'),
  (163, 21, 'Берислав', '5546'),
  (164, 1, 'Бершадь', '4352'),
  (165, 9, 'Біла Церква', '4563'),
  (166, 15, 'Білгород-Дністровський', '4849'),
  (167, 12, 'Біловодськ', '6466'),
  (168, 11, 'Білогірськ', '6559'),
  (169, 22, 'Білогір’я', '3841'),
  (170, 21, 'Білозерка', '5547'),
  (171, 12, 'Білокуракине', '6462'),
  (172, 18, 'Білопілля', '5443'),
  (173, 15, 'Біляївка', '4852'),
  (174, 23, 'Монастирище', '4746'),
  (175, 13, 'Моршин', '3260'),
  (176, 13, 'Мостиська', '3234'),
  (177, 6, 'Мукачеве', '3131'),
  (178, 1, 'Муровані Курилівці', '4356'),
  (179, 23, 'Монастирище', '4746'),
  (180, 13, 'Моршин', '3260'),
  (181, 13, 'Мостиська', '3234'),
  (182, 6, 'Мукачеве', '3131'),
  (183, 1, 'Муровані Курилівці', '4356'),
  (184, 20, 'Близнюки', '5754'),
  (185, 10, 'Бобринець', '5257'),
  (186, 24, 'Бобровиця', '4632'),
  (187, 20, 'Богодухів', '5758'),
  (188, 8, 'Богородчани', '3471'),
  (189, 9, 'Богуслав', '4561'),
  (190, 15, 'Болград', '4846'),
  (191, 8, 'Болехів', '3437'),
  (192, 24, 'Борзна', '4653'),
  (193, 13, 'Борислав', '3248'),
  (194, 9, 'Бориспіль', '4595'),
  (195, 20, 'Борова', '5759'),
  (196, 9, 'Бородянка', '4577'),
  (197, 19, 'Борщів', '3541'),
  (198, 9, 'Боярка', '4498'),
  (199, 1, 'Браїлів', '4332'),
  (200, 14, 'Братське', '5131'),
  (201, 1, 'Брацлав', '4331'),
  (202, 9, 'Бровари', '4594'),
  (203, 13, 'Броди', '3266'),
  (204, 5, 'Брусилів', '4162'),
  (205, 13, 'Брюховичі', '322'),
  (206, 12, 'Брянка', '6443'),
  (207, 18, 'Буринь', '5454'),
  (208, 8, 'Бурштин', '3438'),
  (209, 13, 'Буськ', '3264'),
  (210, 9, 'Буча', '4497'),
  (211, 19, 'Бучач', '3544'),
  (212, 24, 'Прилуки', '4637'),
  (213, 7, 'Приморськ', '6137'),
  (214, 11, 'Приморський', '6562'),
  (215, 13, 'Пустомити', '3230'),
  (216, 18, 'Путивль', '5442'),
  (217, 25, 'Путила', '3738'),
  (218, 24, 'Прилуки', '4637'),
  (219, 7, 'Приморськ', '6137'),
  (220, 11, 'Приморський', '6562'),
  (221, 13, 'Пустомити', '3230'),
  (222, 18, 'Путивль', '5442'),
  (223, 25, 'Путила', '3738'),
  (224, 11, 'Євпаторія', '6569'),
  (225, 14, 'Єланець', '5159'),
  (226, 5, 'Ємільчине', '4149'),
  (227, 4, 'Єнакієве', '6252'),
  (228, 3, 'Павлоград', '563, 56'),
  (229, 11, 'Партеніт', '6560'),
  (230, 12, 'Первомайськ', '6455'),
  (231, 14, 'Первомайськ', '5161'),
  (232, 11, 'Первомайське', '6552'),
  (233, 20, 'Первомайський', '5748'),
  (234, 12, 'Перевальськ', '6441'),
  (235, 13, 'Перемишляни', '3263'),
  (236, 6, 'Перечин', '3145'),
  (237, 9, 'Переяслав-Хмельницький', '4567'),
  (238, 3, 'Першотравенськ', '5633'),
  (239, 3, 'Петриківка', '5634'),
  (240, 10, 'Петрове', '5237'),
  (241, 3, 'Петропавлівка', '5631'),
  (242, 20, 'Печеніги', '5765'),
  (243, 16, 'Пирятин', '5358'),
  (244, 14, 'Південноукраїнськ', '5136'),
  (245, 19, 'Підволочиськ', '3543'),
  (246, 19, 'Підгайці', '3542'),
  (247, 9, 'Пірнове', '4496'),
  (248, 1, 'Піщанка', '4349'),
  (249, 1, 'Погребище', '4346'),
  (250, 3, 'Покровське', '5638'),
  (251, 7, 'Пологи', '6165'),
  (252, 22, 'Полонне', '3843'),
  (253, 16, 'Полтава', '53 "2",'),
  (254, 12, 'Попасна', '6474'),
  (255, 5, 'Попільня', '4137'),
  (256, 19, 'Почаїв', '3546'),
  (257, 7, 'Приазовське', '6133'),
  (258, 8, 'Надвірна', '3475'),
  (259, 5, 'Народичі', '4140'),
  (260, 18, 'Недригайлів', '5455'),
  (261, 1, 'Немирів', '4331'),
  (262, 9, 'Немішаєве', '4477'),
  (263, 22, 'Нетішин', '3848'),
  (264, 21, 'Нижні Сірогози', '5540'),
  (265, 11, 'Нижньогірський', '6550'),
  (266, 24, 'Ніжин', '4631'),
  (267, 3, 'Нікополь', '566, 56'),
  (268, 20, 'Нова Водолага', '5740'),
  (269, 21, 'Нова Каховка', '5549'),
  (270, 14, 'Нова Одеса', '5167'),
  (271, 22, 'Нова Ушиця', '3847'),
  (272, 10, 'Новгородка', '5241'),
  (273, 24, 'Новгород-Сіверський', '4658'),
  (274, 14, 'Новий Буг', '5151'),
  (275, 13, 'Новий Роздол', '3261'),
  (276, 11, 'Новий Світ', '6566'),
  (277, 16, 'Нові Санжари', '5344'),
  (278, 4, 'Новоазовськ', '6296'),
  (279, 12, 'Новоайдар', '6445'),
  (280, 10, 'Новоархангельськ', '5255'),
  (281, 2, 'Нововолинськ', '3344'),
  (282, 21, 'Нововоронцовка', '5533'),
  (283, 5, 'Новоград-Волинський', '4141'),
  (284, 25, 'Новодністровськ', '3741'),
  (285, 7, 'Новомиколаївка', '6144'),
  (286, 10, 'Новомиргород', '5256'),
  (287, 3, 'Новомосковськ', '569, 56'),
  (288, 9, 'Обухів', '4572'),
  (289, 15, 'Овідіополь', '4851'),
  (290, 5, 'Овруч', '4148'),
  (291, 15, 'Одеса', '48, 48"'),
  (292, 5, 'Олевськ', '4135'),
  (293, 4, 'Олександрівка', '6269'),
  (294, 10, 'Олександрівка', '5242'),
  (295, 12, 'Олександрівськ', '642'),
  (296, 10, 'Олександрія', '5235'),
  (297, 10, 'Онуфріївка', '5238'),
  (298, 1, 'Оратів', '4330'),
  (299, 3, 'Орджонікідзе', '5667'),
  (300, 11, 'Ореанда', '654'),
  (301, 16, 'Оржиця', '5357'),
  (302, 7, 'Оріхів', '6141'),
  (303, 24, 'Остер', '4646'),
  (304, 17, 'Острог', '3654'),
  (305, 18, 'Охтирка', '5446'),
  (306, 14, 'Очаків', '5154'),
  (307, 1, 'Ладижин', '4343'),
  (308, 21, 'Лазурне', '5537'),
  (309, 19, 'Ланівці', '3549'),
  (310, 18, 'Лебедин', '5445'),
  (311, 11, 'Леніне', '6557'),
  (312, 22, 'Летичів', '3857'),
  (313, 15, 'Лиманське', '4853'),
  (314, 18, 'Липова Долина', '5452'),
  (315, 1, 'Липовець', '4358'),
  (316, 12, 'Лисичанськ', '6451'),
  (317, 23, 'Лисянка', '4749'),
  (318, 11, 'Лівадія', '654'),
  (319, 1, 'Літин', '4347'),
  (320, 20, 'Лозова', '5745'),
  (321, 2, 'Локачі', '3374'),
  (322, 16, 'Лохвиця', '5356'),
  (323, 16, 'Лубни', '5361'),
  (324, 12, 'Луганськ', '64"2"'),
  (325, 5, 'Лугини', '4161'),
  (326, 12, 'Лутугине', '6436'),
  (327, 2, 'Луцьк', '33 "2",'),
  (328, 13, 'Львів', '32, 32"'),
  (329, 5, 'Любар', '4147'),
  (330, 15, 'Любашівка', '4864'),
  (331, 2, 'Любешів', '3362'),
  (332, 2, 'Любомль', '3377'),
  (333, 3, 'Магдалинівка', '5691'),
  (334, 9, 'Макарів', '4578'),
  (335, 4, 'Макіївка', '623, 62'),
  (336, 10, 'Мала Виска', '5258'),
  (337, 5, 'Малин', '4133'),
  (338, 4, 'Мангуш', '6297'),
  (339, 2, 'Маневичі', '3376'),
  (340, 23, 'Маньківка', '4748'),
  (341, 3, 'Марганець', '5665'),
  (342, 4, 'Маріуполь', '629'),
  (343, 4, 'Мар’їнка', '6278'),
  (344, 12, 'Марківка', '6464'),
  (345, 11, 'Масандра', '654'),
  (346, 16, 'Машівка', '5364'),
  (347, 22, 'Меджибіж', '3857'),
  (348, 3, 'Межова', '5630'),
  (349, 7, 'Мелітополь', '619, 61'),
  (350, 24, 'Мена', '4644'),
  (351, 20, 'Мерефа', '572'),
  (352, 13, 'Миколаїв', '3241'),
  (353, 14, 'Миколаїв', '51"2"'),
  (354, 15, 'Миколаївка', '4857'),
  (355, 16, 'Миргород', '5355'),
  (356, 9, 'Миронівка', '4574'),
  (357, 7, 'Михайлівка', '6132'),
  (358, 6, 'Міжгір’я', '3146'),
  (359, 12, 'Мілове', '6465'),
  (360, 17, 'Млинів', '3659'),
  (361, 1, 'Могилів-Подільський', '4337'),
  (362, 19, 'Монастириська', '3555'),
  (363, 9, 'Кагарлик', '4573'),
  (364, 14, 'Казанка', '5164'),
  (365, 21, 'Каланчак', '5530'),
  (366, 1, 'Калинівка', '4333'),
  (367, 9, 'Калинівка', '4471'),
  (368, 9, 'Калита', '4494'),
  (369, 8, 'Калуш', '3472'),
  (370, 2, 'Камінь-Каширський', '3357'),
  (371, 22, 'Кам’янець-Подільський', '3849'),
  (372, 23, 'Кам’янка', '4732'),
  (373, 13, 'Кам’янка-Бузька', '3254'),
  (374, 7, 'Кам’янка-Дніпровська', '6138'),
  (375, 23, 'Канів', '4736'),
  (376, 16, 'Карлівка', '5346'),
  (377, 23, 'Катеринопіль', '4742'),
  (378, 21, 'Каховка', '5536'),
  (379, 11, 'Кача', '692'),
  (380, 20, 'Кегичівка', '5755'),
  (381, 25, 'Кельменці', '3732'),
  (382, 11, 'Керч', '6561'),
  (383, 9, 'Київ', '44'),
  (384, 2, 'Ківерці', '3365'),
  (385, 15, 'Кілія', '4843'),
  (386, 10, 'Кіровоград', '52"2"'),
  (387, 12, 'Кіровськ', '6446'),
  (388, 11, 'Кіровське', '6555'),
  (389, 4, 'Кіровське', '6250'),
  (390, 25, 'Кіцмань', '3736'),
  (391, 9, 'Клавдієво-Тарасове', '4477'),
  (392, 16, 'Кобеляки', '5343'),
  (393, 4, 'Слов’янськ', '626, 62'),
  (394, 23, 'Сміла', '4733'),
  (395, 14, 'Снігурівка', '5162'),
  (396, 4, 'Сніжне', '6256'),
  (397, 8, 'Снятин', '3476'),
  (398, 11, 'Совєтський', '6551'),
  (399, 13, 'Сокаль', '3257'),
  (400, 25, 'Сокиряни', '3739'),
  (401, 3, 'Солоне', '5669'),
  (402, 6, 'Солотвино', '3134'),
  (403, 24, 'Сосниця', '4655'),
  (404, 3, 'Софіївка', '5650'),
  (405, 24, 'Срібне', '4639'),
  (406, 9, 'Ставище', '4564'),
  (407, 12, 'Станиця Луганська', '6472'),
  (408, 2, 'Стара Вижівка', '3346'),
  (409, 22, 'Стара Синява', '3850'),
  (410, 13, 'Старий Самбір', '3238'),
  (411, 4, 'Старобешеве', '6253'),
  (412, 12, 'Старобільськ', '6461'),
  (413, 22, 'Старокостянтинів', '3854'),
  (414, 12, 'Стаханов', '6444'),
  (415, 25, 'Сторожинець', '3735'),
  (416, 13, 'Стрий', '3245'),
  (417, 11, 'Судак', '6566'),
  (418, 18, 'Суми', '54"2"'),
  (419, 13, 'Східниця', '3248'),
  (420, 2, 'Ковель', '3352'),
  (421, 15, 'Кодима', '4867'),
  (422, 24, 'Козелець', '4646'),
  (423, 16, 'Козельщина', '5342'),
  (424, 9, 'Козин', '4472'),
  (425, 19, 'Козлів', '3547'),
  (426, 19, 'Козова', '3547'),
  (427, 1, 'Козятин', '4342'),
  (428, 11, 'Коктебель', '6562'),
  (429, 20, 'Коломак', '5766'),
  (430, 8, 'Коломия', '3433'),
  (431, 15, 'Комінтернівське', '4855'),
  (432, 10, 'Компаніївка', '5240'),
  (433, 16, 'Комсомольськ', '5348'),
  (434, 18, 'Конотоп', '5447'),
  (435, 11, 'Кореїз', '654'),
  (436, 17, 'Корець', '3651'),
  (437, 24, 'Короп', '4656'),
  (438, 5, 'Коростень', '4142'),
  (439, 5, 'Коростишів', '4130'),
  (440, 23, 'Корсунь-Шевченківський', '4735'),
  (441, 24, 'Корюківка', '4657'),
  (442, 8, 'Косів', '3478'),
  (443, 17, 'Костопіль', '3657'),
  (444, 4, 'Костянтинівка', '6272'),
  (445, 16, 'Котельва', '5350'),
  (446, 15, 'Котовськ', '4862'),
  (447, 9, 'Коцюбинське', '4497'),
  (448, 4, 'Краматорськ', '626, 62'),
  (449, 22, 'Красилів', '3855'),
  (450, 4, 'Красний Лиман', '6261'),
  (451, 12, 'Красний Луч', '6432'),
  (452, 15, 'Красні Окни', '4861'),
  (453, 4, 'Красноармійськ', '623, 62'),
  (454, 11, 'Красногвардійське', '6556'),
  (455, 20, 'Красноград', '5744'),
  (456, 12, 'Краснодон', '6435'),
  (457, 20, 'Краснокутськ', '5756'),
  (458, 11, 'Красноперекопськ', '6565'),
  (459, 18, 'Краснопілля', '5459'),
  (460, 19, 'Кременець', '3546'),
  (461, 16, 'Кременчук', '536, 53'),
  (462, 12, 'Кремінна', '6454'),
  (463, 14, 'Криве Озеро', '5133'),
  (464, 3, 'Кривий Ріг', '56, 564'),
  (465, 1, 'Крижопіль', '4340'),
  (466, 3, 'Кринички', '5654'),
  (467, 18, 'Кролевець', '5453'),
  (468, 17, 'Кузнецовськ', '3636'),
  (469, 7, 'Куйбишеве', '6147'),
  (470, 24, 'Куликівка', '4643'),
  (471, 20, 'Куп’янськ', '5742'),
  (472, 2, 'Іваничі', '3372'),
  (473, 15, 'Іванівка', '4854'),
  (474, 21, 'Іванівка', '5531'),
  (475, 9, 'Іванків', '4591'),
  (476, 8, 'Івано-Франківськ', '34 "2",'),
  (477, 15, 'Ізмаїл', '4841'),
  (478, 20, 'Ізюм', '5743'),
  (479, 22, 'Ізяслав', '3852'),
  (480, 1, 'Іллінці', '4345'),
  (481, 15, 'Іллічівськ', '4868'),
  (482, 4, 'Іловайськ', '6257'),
  (483, 9, 'Ірпінь', '4597'),
  (484, 6, 'Іршава', '3144'),
  (485, 24, 'Ічня', '4633'),
  (486, 21, 'Чаплинка', '5538'),
  (487, 22, 'Чемерівці', '3859'),
  (488, 5, 'Червоноармійськ', '4131'),
  (489, 13, 'Червоноград', '3249'),
  (490, 23, 'Черкаси', '47"2"'),
  (491, 25, 'Чернівці', '37 "2",'),
  (492, 24, 'Чернігів', '46 "2",'),
  (493, 7, 'Чернігівка', '6140'),
  (494, 5, 'Черняхів', '4134'),
  (495, 1, 'Чечельник', '4351'),
  (496, 23, 'Чигирин', '4730'),
  (497, 6, 'Чоп', '312'),
  (498, 23, 'Чорнобай', '4739'),
  (499, 11, 'Чорноморське', '6558'),
  (500, 16, 'Чорнухи', '5340'),
  (501, 19, 'Чортків', '3552'),
  (502, 20, 'Чугуїв', '5746'),
  (503, 5, 'Чуднів', '4139'),
  (504, 16, 'Чутове', '5347'),
  (505, 3, 'Царичанка', '5690'),
  (506, 2, 'Цумань', '3365'),
  (507, 21, 'Цюрупинськ', '5542'),
  (508, 20, 'Харків', '57, 57"'),
  (509, 4, 'Харцизьк', '6257'),
  (510, 21, 'Херсон', '55"2"'),
  (511, 22, 'Хмельницький', '38 "2",'),
  (512, 1, 'Хмільник', '4338'),
  (513, 16, 'Хорол', '5362'),
  (514, 25, 'Хотин', '37312'),
  (515, 23, 'Христинівка', '4745'),
  (516, 6, 'Хуст', '3142'),
  (517, 9, 'Фастів', '4565'),
  (518, 11, 'Феодосія', '6562'),
  (519, 11, 'Форос', '654'),
  (520, 15, 'Фрунзівка', '4860'),
  (521, 6, 'Ужгород', '31"2","'),
  (522, 9, 'Узин', '4463'),
  (523, 9, 'Українка', '4472'),
  (524, 10, 'Ульянівка', '5259'),
  (525, 23, 'Умань', '4744'),
  (526, 10, 'Устинівка', '5239'),
  (527, 24, 'Талалаївка', '4634'),
  (528, 23, 'Тальне', '4731'),
  (529, 9, 'Тараща', '4566'),
  (530, 15, 'Тарутине', '4847'),
  (531, 15, 'Татарбунари', '4844'),
  (532, 4, 'Тельманове', '6279'),
  (533, 22, 'Теофіполь', '3844'),
  (534, 1, 'Теплик', '4353'),
  (535, 15, 'Теплодар', '4850'),
  (536, 19, 'Теребовля', '3551'),
  (537, 3, 'Тернівка', '5636'),
  (538, 19, 'Тернопіль', '35"2"'),
  (539, 9, 'Тетіїв', '4560'),
  (540, 1, 'Тиврів', '4355'),
  (541, 8, 'Тисмениця', '3436'),
  (542, 8, 'Тлумач', '3479'),
  (543, 7, 'Токмак', '6178'),
  (544, 3, 'Томаківка', '5668'),
  (545, 1, 'Томашпіль', '4348'),
  (546, 4, 'Торез', '6254'),
  (547, 12, 'Троїцьке', '6456'),
  (548, 1, 'Тростянець', '4343'),
  (549, 18, 'Тростянець', '5458'),
  (550, 13, 'Трускавець', '3247'),
  (551, 1, 'Тульчин', '4335'),
  (552, 2, 'Турійськ', '3363'),
  (553, 13, 'Турка', '3269'),
  (554, 6, 'Тячів', '3134'),
  (555, 15, 'Саврань', '4865'),
  (556, 11, 'Саки', '6563'),
  (557, 13, 'Самбір', '3236'),
  (558, 15, 'Сарата', '4848'),
  (559, 17, 'Сарни', '3655'),
  (560, 22, 'Сатанів', '3851'),
  (561, 20, 'Сахновщина', '5762'),
  (562, 6, 'Свалява', '3133'),
  (563, 12, 'Сватове', '6471'),
  (564, 12, 'Свердловськ', '6434'),
  (565, 10, 'Світловодськ', '5236'),
  (566, 4, 'Святогірськ', '6262'),
  (567, 11, 'Севастополь', '69"2"'),
  (568, 4, 'Селидове', '6237'),
  (569, 16, 'Семенівка', '5341'),
  (570, 24, 'Семенівка', '4659'),
  (571, 15, 'Сергіївка', '4849'),
  (572, 18, 'Середина-Буда', '5451'),
  (573, 12, 'Сєвєродонецьк', '6452'),
  (574, 3, 'Синельникове', '5663'),
  (575, 4, 'Сіверськ', '6274'),
  (576, 11, 'Сімеїз', '654'),
  (577, 11, 'Сімферополь', '65"2"'),
  (578, 21, 'Скадовськ', '5537'),
  (579, 9, 'Сквира', '4568'),
  (580, 13, 'Сколе', '3251'),
  (581, 13, 'Славське', '3251'),
  (582, 22, 'Славута', '3842'),
  (583, 9, 'Славутич', '4579'),
  (584, 12, 'Слов’яносербськ', '6473'),
  (585, 13, 'Радехів', '3255'),
  (586, 17, 'Радивилів', '3633'),
  (587, 5, 'Радомишль', '4132'),
  (588, 2, 'Ратне', '3366'),
  (589, 6, 'Рахів', '3132'),
  (590, 15, 'Рені', '4840'),
  (591, 16, 'Решетилівка', '5363'),
  (592, 9, 'Ржищів', '4473'),
  (593, 17, 'Рівне', '36 "2",'),
  (594, 24, 'Ріпки', '4641'),
  (595, 12, 'Ровеньки', '6433'),
  (596, 8, 'Рогатин', '3435'),
  (597, 2, 'Рожище', '3368'),
  (598, 8, 'Рожнятів', '3474'),
  (599, 15, 'Роздільна', '4853'),
  (600, 11, 'Роздольне', '6553'),
  (601, 7, 'Розівка', '6162'),
  (602, 9, 'Рокитне', '4562'),
  (603, 17, 'Рокитне', '3635'),
  (604, 18, 'Ромни', '5448'),
  (605, 12, 'Рубіжне', '6453'),
  (606, 5, 'Ружин', '4138'),
  (607, 1, 'Вінниця', '43"2"'),
  (608, 22, 'Віньківці', '3846'),
  (609, 20, 'Вовчанськ', '5741'),
  (610, 14, 'Вознесенськ', '5134'),
  (611, 4, 'Волноваха', '6244'),
  (612, 6, 'Воловець', '3136'),
  (613, 9, 'Володарка', '4569'),
  (614, 5, 'Володарськ-Волинський', '4145'),
  (615, 4, 'Володарське', '6246'),
  (616, 2, 'Володимир-Волинський', '3342'),
  (617, 17, 'Володимирець', '3634'),
  (618, 22, 'Волочиськ', '3845'),
  (619, 9, 'Ворзель', '4497'),
  (620, 8, 'Ворохта', '3434'),
  (621, 14, 'Врадіївка', '5135'),
  (622, 4, 'Вугледар', '6273'),
  (623, 11, 'Щолкіне', '6557'),
  (624, 24, 'Щорс', '4654'),
  (625, 1, 'Шаргород', '4344'),
  (626, 4, 'Шахтарськ', '6255'),
  (627, 2, 'Шацьк', '3355'),
  (628, 20, 'Шевченкове', '5751'),
  (629, 22, 'Шепетівка', '3840'),
  (630, 3, 'Широке', '5657'),
  (631, 15, 'Ширяєве', '4858'),
  (632, 16, 'Шишаки', '5352'),
  (633, 18, 'Шостка', '5449'),
  (634, 23, 'Шпола', '4741'),
  (635, 19, 'Шумське', '3558');
