SET SQL_MODE = "NO_AUTO_VALUE_ON_ZERO";
SET time_zone = "+00:00";


/*!40101 SET @OLD_CHARACTER_SET_CLIENT=@@CHARACTER_SET_CLIENT */;
/*!40101 SET @OLD_CHARACTER_SET_RESULTS=@@CHARACTER_SET_RESULTS */;
/*!40101 SET @OLD_COLLATION_CONNECTION=@@COLLATION_CONNECTION */;
/*!40101 SET NAMES utf8 */;

INSERT INTO `users` (`id`, `login`, `password`, `salt`, `name`, `last_name`, `second_name`, `email`, `is_male`, `date_registration`, `birthday`, `phome`, `pmobile`, `address_home`, `photo_src`, `old_id`, `is_active`) VALUES
  (1, 'autocapital', '06bf0fcea65277dd464a8072e0fa5366', 'aX34cVo9p', 'Методист', 'Автокапитал', 'Сервис', 'autocapital@mercedes.ua', 1, '2015-03-03 22:00:00', '2015-03-04', '1234', '0958888888', NULL, NULL, NULL, 1),
  (2, 'report', '1bbd886460827015e5d605ed44252251', '1111', 'Пользователь для отчетов', NULL, NULL, NULL, 1, NULL, NULL, NULL, NULL, NULL, NULL, NULL, 1),
  (3, 'test', 'test', 'test', 'Test', 'Test', 'Test', 'test', 0, '2015-02-28 22:00:00', '2010-03-25', '34543543534', '3453543534', 'addr', NULL, NULL, 1),
  (4, 'methodist', 'methodist', 'methodist', 'Методист', 'Тестовый', NULL, NULL, 1, '2015-03-19 22:00:00', NULL, NULL, NULL, NULL, NULL, 0, 1);


--
-- Дамп данных таблицы `students`
--

INSERT INTO `students` (`id`, `user_id`, `ind_code`, `sheet_staff`, `order_accept`, `post_for_display`, `old_id`) VALUES
  (1, 3, '1234567891', NULL, NULL, 'должность для отображения', NULL);


--
-- Дамп данных таблицы `dealers`
--

INSERT INTO `company_activities` (`company_id`, `activity_id`) VALUES
  (1, 1),
  (1, 2),
  (1, 3),
  (1, 4),
  (1, 5);

--
-- Дамп данных таблицы `dealers`
--

INSERT INTO `dealers` (`id`, `title`, `city_id`, `address`, `parent_id`, `stafflist_group_id`, `status`, `old_id`) VALUES
  (1, 'Таврія-Авто, ПАТ', 8, 'my address', NULL, 2, 1, 271),
  (2, 'Восток и Ко, Фирма', 8, NULL, NULL, 1, 2, 272),
  (3, 'Вінниччина-Авто, ПАТ', 4, NULL, NULL, 1, 1, 273),
  (4, 'Винницаоблснаб, ОАО', 4, NULL, NULL, 1, 2, 274),
  (5, 'Волинь-Авто, ПАТ', 5, NULL, NULL, 1, 1, 275),
  (6, 'Дніпропетровськ-Авто, ПАТ', 105, NULL, NULL, 1, 1, 276),
  (7, 'Днепропетровский Автоцентр на Калиновой, ООО', 105, NULL, NULL, 1, 1, 277),
  (8, 'Валентина сервис плюс,  ДП', 105, NULL, NULL, 1, 2, 278),
  (9, 'Автопостач, ООО', 105, '', 9, 1, 2, 279),
  (10, 'Автодом КР, ООО', 105, '', 10, 1, 2, 280),
  (11, 'Гратиум, ООО', 20, NULL, NULL, 1, 2, 287),
  (12, 'МСС, ООО', 105, '', 12, 1, 2, 282),
  (13, 'Никсер, ОАО', 105, NULL, NULL, 1, 2, 283),
  (14, 'Житомир-Авто, ПАТ', 3, NULL, NULL, 1, 1, 292),
  (15, 'Донецьк-Авто, ПАТ (Октябрьский Авто-Центр, філія)', 20, NULL, NULL, 1, 1, 285),
  (16, 'Кроп Авто, ООО', 20, NULL, NULL, 1, 1, 288),
  (17, 'Алеко-сервис, АОЗТ', 20, NULL, NULL, 1, 2, 289),
  (18, 'Азовпласт, ООО', 20, NULL, NULL, 1, 2, 290),
  (19, 'Ника-Азов, ООО,  Автосалон', 20, NULL, NULL, 1, 1, 291),
  (20, 'Закарпаття-Авто, ПАТ', 31, NULL, NULL, 1, 1, 294),
  (21, 'Запоріжжя-Авто, ТОВ', 30, NULL, NULL, 1, 1, 296),
  (22, 'Прогресс, ООО, Компания', 30, NULL, NULL, 1, 2, 297),
  (23, 'Укравтодом, ООО, ТПК', 30, NULL, NULL, 1, 2, 298),
  (24, 'Алеко-Сервис, ООО, СТФ', 30, NULL, NULL, 1, 2, 299),
  (25, 'Автотехника, ООО, Инновационное предприятие', 30, NULL, NULL, 1, 2, 300),
  (26, 'Европа-Спорт, ООО', 30, NULL, NULL, 1, 2, 301),
  (27, 'Івано-Франківськ-Авто, ПАТ', 10, 'address', 27, 1, 1, 302),
  (28, 'Автоцентр на Кольцевой, ЗАО', 173, NULL, NULL, 1, 1, 303),
  (29, 'Автоцентр на Столичному, Філія', 173, NULL, NULL, 1, 1, 304),
  (30, 'Бліц-Авто, АСФ', 173, NULL, NULL, 1, 1, 306),
  (31, 'Універсал–Авто, АСФ', 173, NULL, NULL, 1, 1, 307),
  (32, 'Петровка-Авто, АСФ', 173, NULL, NULL, 1, 1, 308),
  (33, 'Автомобільний центр Голосіївський, ТОВ', 173, NULL, NULL, 1, 1, 309),
  (34, 'Либідь-Авто, АСФ', 173, NULL, 5, 1, 1, 310),
  (35, 'Автокредит, ООО', 173, NULL, NULL, 1, 2, 311),
  (36, 'Картек-Авто, ООО', 173, NULL, NULL, 1, 2, 312),
  (37, 'ДЕЛЮКС-АВТО, ТОВ', 173, NULL, NULL, 1, 1, 313),
  (38, 'Авто-планета Украина, ООО', 173, NULL, NULL, 1, 2, 314),
  (39, 'СВТ "Фортуна", ООО', 173, NULL, NULL, 1, 2, 315),
  (40, 'Украинский автомобильный холдинг, ООО', 173, NULL, NULL, 1, 2, 316),
  (41, 'Сфера-Авто, АСФ', 173, NULL, NULL, 1, 1, 318),
  (42, 'Кіровоград-Авто, ПАТ', 18, NULL, NULL, 1, 1, 332),
  (43, 'Луганськ-Авто, ПАТ (Алчевськ-Авто, філія)', 14, NULL, NULL, 1, 1, 333),
  (44, 'Автотехцентр "Лидер", ООО', 14, NULL, NULL, 1, 2, 334),
  (45, 'Галичина-Авто, ПАТ', 77, NULL, NULL, 1, 1, 335),
  (46, 'Галич-Авто, ОАО', 77, NULL, NULL, 1, 2, 336),
  (47, 'Пластик, АО', 77, NULL, NULL, 1, 2, 337),
  (48, 'Радар-Сервіс, ТОВ', 77, NULL, NULL, 1, 1, 338),
  (49, 'Автомобильный дом Львов, СП ООО', 77, NULL, NULL, 1, 2, 339),
  (50, 'Автоцентр на Будівельників, ТОВ', 6, NULL, NULL, 1, 2, 340),
  (51, 'Техноконтракт, ООО', 6, NULL, NULL, 1, 2, 341),
  (52, 'Автоцентр Николаев, ООО', 6, NULL, NULL, 1, 2, 342),
  (53, 'Одеса-Авто, ПАТ', 2, NULL, NULL, 1, 1, 343),
  (54, 'ИЗАА, ХРП', 2, NULL, NULL, 1, 2, 344),
  (55, 'Полтава-Авто, ПАТ', 1, NULL, NULL, 1, 1, 345),
  (56, 'Рівне-Авто, ПАТ', 41, NULL, NULL, 1, 1, 346),
  (57, 'Суми-Авто, ПАТ (Автоцентр на Харківській)', 24, NULL, NULL, 1, 1, 347),
  (58, 'Тернопіль-Авто, ПАТ', 67, NULL, NULL, 1, 1, 348),
  (59, 'Харківський Автоцентр, ТОВ', 17, NULL, NULL, 1, 1, 349),
  (60, 'Харків-Авто, ПАТ', 17, NULL, NULL, 1, 1, 350),
  (61, 'Херсон-Авто, ПАТ', 40, NULL, NULL, 1, 1, 352),
  (62, 'Авто, МЧП', 40, NULL, NULL, 1, 2, 353),
  (63, 'Хмельниччина-Авто, ПАТ', 7, NULL, NULL, 1, 1, 354),
  (64, 'Черкаси-Авто, ПАТ', 59, NULL, NULL, 1, 1, 355),
  (65, 'Чернігів-Авто, ПАТ', 86, NULL, NULL, 1, 1, 356),
  (66, 'Буковина-Авто, ТДВ', 132, NULL, NULL, 1, 1, 357),
  (67, 'ДК "Фалькон-Авто"', 173, NULL, NULL, 2, 1, 928),
  (68, 'ПРОМАВТОТЕХСЕРВІС, ТОВ', 173, NULL, NULL, 1, 1, 938),
  (69, 'Автоцентр на Харківському, ТОВ', 173, NULL, NULL, 1, 1, 941),
  (70, 'ФАЛЬКОН-АВТО, ТОВ', 173, NULL, NULL, 2, 3, 1303),
  (71, 'Кримський Автомобільний Дім, ТОВ', 8, NULL, NULL, 1, 2, 1356),
  (72, 'Світ-Авто, ТОВ', 173, NULL, NULL, 1, 2, 1358),
  (73, 'КОРЕЯ МОТОРС, ТОВ', 173, NULL, NULL, 1, 2, 1359),
  (74, 'Олімп Моторс, ТОВ', 173, NULL, NULL, 1, 2, 1360),
  (75, 'АВТОМИР- ВІННИЦЯ, ТОВ', 4, NULL, NULL, 1, 2, 1362),
  (76, 'Бровари-Авто, АФ', 173, NULL, NULL, 1, 1, 1369),
  (77, 'Автопланета-Моторс, ТОВ', 1, NULL, NULL, 1, 2, 1370),
  (78, 'Львів-Авто, АТВТ', 77, NULL, NULL, 1, 2, 1373),
  (79, 'Торговий дім "Євромоторс", ТОВ', 7, NULL, NULL, 1, 2, 1375),
  (80, 'Аеліта, ПП', 105, NULL, NULL, 1, 2, 1376),
  (81, 'Імперіал-Авто, ТОВ', 20, NULL, NULL, 1, 2, 1377),
  (82, 'Алекс Схід, ТОВ', 20, NULL, NULL, 1, 2, 1378),
  (83, 'АЛЕКС АВТО, ТОВ (Запоріжжя)', 30, NULL, NULL, 1, 2, 1379),
  (84, 'Техноцентр "Навігатор", ТОВ', 30, NULL, NULL, 1, 2, 1380),
  (85, 'Арго-Стиль, ТОВ', 14, NULL, NULL, 1, 2, 1381),
  (86, 'Завод ім. Фрунзе, ВАТ', 17, NULL, NULL, 1, 2, 1382),
  (87, 'Флагман-авто, ТОВ', 6, NULL, NULL, 1, 2, 1385),
  (88, 'АВТОЦЕНТР КІА, ТОВ', 2, NULL, NULL, 1, 2, 1386),
  (89, 'АВТОПЛАНЕТА ПЛЮС, ТОВ', 40, NULL, NULL, 1, 2, 1387),
  (90, 'Алекс-авто, ТОВ', 20, NULL, NULL, 1, 2, 1655),
  (91, 'ХустАвтоТрейд, ПП', 31, NULL, NULL, 1, 2, 1656),
  (92, 'Аеліта, ПП (Павлоградська філія)', 105, NULL, NULL, 1, 2, 1867),
  (93, 'Таврія-Авто, ПАТ (Севастопольська СТО)', 8, NULL, NULL, 1, 1, 1879),
  (94, 'Кримський Автомобільний Дім, ТОВ (Сімферополь, пр-т Перемоги)', 8, NULL, NULL, 1, 2, 1880),
  (95, 'Кримський Автомобільний Дім, ТОВ (Севастополь)', 8, NULL, NULL, 1, 2, 1881),
  (96, 'Дніпропетровськ-Авто, ПАТ (Павлоград-Авто, філія)', 105, NULL, NULL, 1, 1, 1882),
  (97, 'Аеліта, ПП (Криворізька філія)', 105, NULL, NULL, 1, 2, 1883),
  (98, 'Донецьк-Авто, ПАТ (Горлівський Авто-Центр, філія)', 20, NULL, NULL, 1, 1, 1884),
  (99, 'Алекс Схід, ТОВ (Краматорськ)', 20, NULL, NULL, 1, 2, 1885),
  (100, 'Алекс Схід, ТОВ (Маріуполь)', 20, NULL, NULL, 1, 2, 1886),
  (101, 'Запоріжжя-Авто, ТОВ (Мелітопольський автоцентр)', 30, NULL, NULL, 1, 1, 1888),
  (102, 'Луганськ-Авто, ПАТ (Автоцентр на Молодіжній, філія)', 14, NULL, NULL, 1, 1, 1889),
  (103, 'Луганськ-Авто, ПАТ (Луганськ, Олександрівськ)', 14, NULL, NULL, 1, 1, 1890),
  (104, 'Одеса-Авто, ПАТ (Одеса-Автотехніка, філія)', 2, NULL, NULL, 1, 1, 1893),
  (105, 'Харків-Авто, ПАТ ("Центральний" автосалон)', 17, NULL, NULL, 1, 1, 1894),
  (106, 'Хмельниччина-Авто, ПАТ (Смотрич-Авто, філія)', 7, NULL, NULL, 1, 1, 1895),
  (107, 'Хмельниччина-Авто, ПАТ (Случ-Авто, філія)', 7, NULL, NULL, 1, 1, 1896),
  (108, 'Полтава-Авто, ПАТ (Кременчукавтосервіс, філія)', 1, NULL, NULL, 1, 1, 2719),
  (109, 'Паритет Моторс, ТОВ (Велика Кільцева)', 173, NULL, NULL, 1, 2, 2720),
  (110, 'Тестовый диллер', 173, '', 110, 4, 3, 3374),
  (111, 'Українська Автомобільна Корпорація, АТ', 173, NULL, NULL, 5, 3, 3546),
  (112, 'АВТОЦЕНТР КІА, ТОВ (сервіс)', 2, NULL, NULL, 1, 2, 4191),
  (113, 'Алекс-авто, ТОВ (вул. Магістральна)', 20, NULL, NULL, 1, 2, 5174),
  (114, 'Одеса-Авто, ПАТ (Автоцентр на Ленінградському, філія)', 2, NULL, NULL, 1, 1, 6402),
  (115, 'Автопланета-Моторс, ТОВ (Кременчук)', 1, NULL, NULL, 1, 2, 6403),
  (116, 'Чернігів-Авто, ПАТ (Прилуки-Авто, філія)', 86, NULL, NULL, 1, 1, 6404),
  (117, 'Харків-Авто, ПАТ (СТО №3)', 17, NULL, NULL, 1, 1, 7126),
  (118, 'Полтава-Авто, ПАТ  (Автоцентр на Хмельницького, філія)', 1, NULL, NULL, 1, 1, 7397),
  (119, 'Авто Термінал Київ, ТОВ', 173, NULL, NULL, 1, 2, 254013),
  (120, 'Донецьк-Авто, ВАТ', 20, NULL, NULL, 1, 1, 300285),
  (121, 'Колір-Авто, Філія', 173, NULL, NULL, 1, 1, 300313),
  (122, 'АТЛАНТАВТО-МОТОРС, ПП', 31, NULL, NULL, 1, 2, 301371),
  (123, 'Автоцентр на Борщагівці, Філія', 173, NULL, NULL, 1, 1, 300938),
  (124, 'Автотрейд-Київ, ТОВ', 173, NULL, NULL, 1, 2, 301357),
  (125, 'ІБВ - Центр, ПП', 67, NULL, NULL, 1, 2, 301374),
  (126, 'ВОСТОК МОТОРС, ТОВ', 30, NULL, NULL, 1, 2, 301379),
  (127, 'Автоком, ТОВ', 30, NULL, NULL, 1, 2, 301380),
  (128, 'М-Авто, ТОВ', 8, NULL, NULL, 1, 2, 301384),
  (129, 'КІА ЦЕНТР ОДЕСА, ТОВ', 2, NULL, NULL, 1, 2, 301386),
  (130, 'Східавтолюкс, ТОВ', 132, NULL, NULL, 1, 2, 301556),
  (131, 'ХустАвтоТрейд, ПП (Виноградів)', 31, NULL, NULL, 1, 2, 301887),
  (132, 'Луганськ-Авто, ВАТ (Лисичанськ-Авто, філія)', 14, NULL, NULL, 1, 1, 301891),
  (133, 'Луганськ-Авто, ВАТ (Сєвєродонецьк-Авто, філія)', 14, NULL, NULL, 1, 1, 301892),
  (134, 'Одеса-Авто, ВАТ (Одеса, Миколаївська дорога)', 2, NULL, NULL, 1, 1, 301893),
  (135, 'Харків-Авто, ВАТ ("Центральний" автосалон)', 17, NULL, NULL, 1, 1, 301894),
  (136, 'Дженерал Авто Груп, ТОВ', 173, NULL, NULL, 2, 3, 302283),
  (137, 'Автоцентр на Печерську, Філія', 173, NULL, NULL, 1, 1, 302469),
  (138, 'Автоцентр Уманський, Філія', 59, NULL, NULL, 1, 1, 302487),
  (139, 'Автоцентр на Теремках, АФ', 173, NULL, NULL, 1, 1, 302547),
  (140, 'TEST 23.03.2012', 1, '', 140, 1, 1, 302594),
  (141, 'Експрес-Авто, АСФ', 173, NULL, NULL, 1, 1, 302724),
  (142, 'Автоцентр на Московському, Філія', 173, NULL, NULL, 1, 1, 302766),
  (143, 'Луганськ-Авто ПАТ', 14, NULL, NULL, 1, 1, 302783),
  (144, 'Таврія-Авто ПАТ (ВТФ Феодосійська СТО)', 8, NULL, NULL, 1, 1, 302825),
  (145, 'Красноармійський АВТО-ЦЕНТР, (Філія ПАТ Донецьк-Авто)', 20, NULL, NULL, 1, 1, 302845),
  (146, 'Донецьк-Авто, ПАТ  (Новокраматорський Авто-Центр)', 1, NULL, 120, 1, 1, 302986),
  (147, 'ТОВ КПФ "КОРН ЛТД"', 173, 'Столичне шосе, 104-А', NULL, 1, 1, 404132),
  (148, 'Донецьк-Авто, ПАТ (Новокраматорський АВТО-ЦЕНТР, філіал)', 20, NULL, NULL, 1, 1, 402307),
  (149, 'Град-Авто, ТОВ', 30, NULL, NULL, 1, 2, 402622),
  (150, 'Валентина сервіс плюс, ДП, Магазин "Дім Радіо", ТОВ', 1, NULL, NULL, 1, 2, 402648),
  (151, 'Крафт-Авто, ТОВ', 173, NULL, NULL, 1, 2, 402655),
  (152, 'Алеко-Сервіс, ПрАТ ТСП', 20, NULL, NULL, 1, 2, 402708),
  (153, 'Автодім МСС, ТОВ', 105, NULL, NULL, 1, 2, 402720),
  (154, 'Дніпропетровськ-Авто, ПАТ (Нікополь-Авто, АФ)', 105, NULL, NULL, 1, 1, 402763),
  (155, 'Донецьк-Авто, ПАТ (Краматорська СТО, Структурний підрозділ)', 20, NULL, NULL, 1, 1, 402835),
  (156, 'Донецьк-Авто, ПАТ (Панфилівський Авто-центр)', 20, NULL, NULL, 1, 1, 402836),
  (157, 'Таврія-Авто, ПАТ (Євпаторійська СТО)', 8, NULL, NULL, 1, 1, 402838),
  (158, 'Таврія-Авто, ПАТ (ЗАТ Керч-Авто)', 8, NULL, NULL, 1, 1, 402839),
  (159, 'Луганськ-Авто, ПАТ (Антрацит-Авто)', 14, NULL, NULL, 1, 1, 402840),
  (160, 'Одеса-Авто, ПАТ (Тираспольське шосе, 7 км)', 2, NULL, NULL, 1, 1, 402842),
  (161, 'Одеса-Авто, ПАТ (Авангард-Автосервіс)', 2, NULL, NULL, 1, 1, 402843),
  (162, 'Одеса-Авто, ПАТ (Автоцентр-Ізмаїльський)', 2, NULL, NULL, 1, 1, 402844),
  (163, 'Одеса-Авто, ПАТ (Автоцентр-Балтський)', 2, NULL, NULL, 1, 1, 402845),
  (164, 'Одеса-Авто, ПАТ (Болградська СТО)', 2, NULL, NULL, 1, 1, 402846),
  (165, 'Полтава-Авто, ПАТ (Лохвицький філіал)', 1, NULL, NULL, 1, 1, 402848),
  (166, 'Полтава-Авто, ПАТ (Філія Пирятин-Авто)', 1, NULL, NULL, 1, 1, 402849),
  (167, 'Хмельниччина-Авто, ПАТ (Шепетівка-Авто, Філія)', 7, NULL, NULL, 1, 1, 402850),
  (168, 'Тестовий', 173, NULL, NULL, 1, 1, 403043),
  (169, 'Дніпропетровськ-Авто, ПАТ (Експресс-Авто, АФ)', 105, NULL, NULL, 1, 1, 403013),
  (170, 'АвтоЗАЗ-сервіс, філія', 173, '', 170, 2, 3, 402979),
  (171, 'Запоріжжя-Авто, ЗАТ (Бердянскьий автоцентр)', 30, NULL, NULL, 1, 1, 403076),
  (172, 'АвтоВид, ПП', 40, '', 172, 1, 1, 403085),
  (173, 'Донецьк-Авто, ПАТ (Макіївський Авто-Центр)', 20, NULL, NULL, 1, 1, 403100),
  (174, 'Донецьк-Авто, ПАТ (Південний Авто-Центр)', 20, NULL, NULL, 1, 1, 403104),
  (175, 'Автоцентр Одеса, ДП', 2, NULL, NULL, 1, 1, 403106),
  (176, 'ДЕУ Мотор, ПП сервісний центр', 20, NULL, NULL, 1, 1, 403121),
  (177, 'Д.І.О. - Трейд Інтернаціонал, ТОВ', 105, NULL, NULL, 1, 1, 403408),
  (178, 'Луганськ-Авто, ПАТ (Свердловськ-Авто, філія)', 14, NULL, NULL, 1, 1, 403423),
  (179, 'Луганськ-Авто, ПАТ (Брянськ-Авто, філія)', 14, NULL, NULL, 1, 1, 403424),
  (180, 'Луганськ-Авто, ПАТ (Старобільськ-Авто, філія)', 14, NULL, NULL, 1, 1, 403425),
  (181, 'Луганськ-Авто, ПАТ (Ровеньки-Авто, філія)', 14, NULL, NULL, 1, 1, 403426),
  (182, 'Луганськ-Авто, ПАТ (Краснолучськ-Авто, філія)', 14, NULL, NULL, 1, 1, 403427),
  (183, 'Луганськ-Авто, ПАТ (Краснодон-Авто, філія)', 14, NULL, NULL, 1, 1, 403428),
  (184, 'Таврія-Авто, ПАТ (Сімферопольська СТО)', 8, NULL, NULL, 1, 1, 403462),
  (185, 'Донецьк-Авто, ПАТ (Маріупольський Авто-центр, філія)', 20, NULL, NULL, 1, 1, 403473),
  (186, 'Хмельниччина-Авто, ПАТ (Хмельницьк-Авто, філія)', 7, NULL, NULL, 1, 1, 403508),
  (187, 'Донецьк-Авто, ПАТ (АВТО-ЦЕНТР)', 20, NULL, NULL, 1, 1, 403598),
  (188, 'Корпорація УкрАвто, АТ', 173, NULL, NULL, 2, 1, 403655),
  (189, 'ТОВ "АВТО ГРУПП"', 2, 'вул.Люстдорфська дорога, 55', NULL, 1, 1, 404416),
  (190, 'Тестовое предприятие', 173, NULL, NULL, 1, 1, 404472),
  (191, 'Суми-Авто ПАТ', 24, 'вул. Роменська, 98', NULL, 1, 1, 404527),
  (192, 'Корн-Сервіс, ТОВ', 173, 'вул. Столичне шосе, 104а', NULL, 1, 1, 404528),
  (193, 'Автоцентр Заречний, ТОВ', 30, 'вул. Чубанова, 5', NULL, 1, 2, 404530),
  (194, 'Харків-Авто, ПАТ (СТО №2)', 17, NULL, 60, 1, 1, 405551),
  (195, 'Дніпропетровськ-Авто, ПАТ (Криворізький Автоцентр, Філія)', 105, NULL, 6, 1, 1, 405559),
  (196, 'Суми-Авто, ПАТ (Філія СТО 2)', 24, NULL, 191, 1, 1, 405562),
  (197, 'Запоріжжя-Авто, ТОВ (Василівський автоцентр)', 30, NULL, 21, 1, 1, 405564),
  (198, 'Вінниччина-Авто, ПАТ (ВВП Прогрес-Авто)', 4, NULL, 3, 1, 1, 405565),
  (199, 'Рівне-Авто, ПАТ (Темп-Авто)', 41, NULL, 56, 1, 1, 405591),
  (203, 'Новое предприятие', 565, 'адресс', NULL, 2, 1, NULL);

--
-- Дамп данных таблицы `dealers_activities`
--

INSERT INTO `dealers_activities` (`activity_id`, `dealer_id`) VALUES
  (1, 27),
  (1, 203);

--
-- Дамп данных таблицы `dealers_brands`
--

INSERT INTO `dealers_brands` (`brand_id`, `dealer_id`) VALUES
  (1, 9),
  (1, 27),
  (1, 203),
  (2, 203),
  (3, 170),
  (3, 203),
  (4, 27),
  (4, 140),
  (4, 170),
  (4, 203),
  (5, 203),
  (6, 140),
  (6, 203),
  (8, 1),
  (8, 2),
  (8, 3),
  (8, 4),
  (8, 5),
  (8, 6),
  (8, 7),
  (8, 8),
  (8, 9),
  (8, 11),
  (8, 12),
  (8, 13),
  (8, 14),
  (8, 15),
  (8, 16),
  (8, 17),
  (8, 18),
  (8, 19),
  (8, 20),
  (8, 21),
  (8, 22),
  (8, 23),
  (8, 24),
  (8, 25),
  (8, 26),
  (8, 28),
  (8, 29),
  (8, 30),
  (8, 31),
  (8, 32),
  (8, 33),
  (8, 34),
  (8, 35),
  (8, 36),
  (8, 37),
  (8, 38),
  (8, 39),
  (8, 40),
  (8, 41),
  (8, 42),
  (8, 43),
  (8, 44),
  (8, 45),
  (8, 46),
  (8, 47),
  (8, 48),
  (8, 49),
  (8, 50),
  (8, 51),
  (8, 52),
  (8, 53),
  (8, 54),
  (8, 55),
  (8, 56),
  (8, 57),
  (8, 58),
  (8, 59),
  (8, 60),
  (8, 61),
  (8, 62),
  (8, 63),
  (8, 64),
  (8, 65),
  (8, 66),
  (8, 67),
  (8, 68),
  (8, 69),
  (8, 70),
  (8, 71),
  (8, 72),
  (8, 73),
  (8, 74),
  (8, 75),
  (8, 76),
  (8, 77),
  (8, 78),
  (8, 79),
  (8, 80),
  (8, 81),
  (8, 82),
  (8, 83),
  (8, 84),
  (8, 85),
  (8, 86),
  (8, 87),
  (8, 88),
  (8, 89),
  (8, 90),
  (8, 91),
  (8, 92),
  (8, 93),
  (8, 94),
  (8, 95),
  (8, 96),
  (8, 97),
  (8, 98),
  (8, 99),
  (8, 100),
  (8, 101),
  (8, 102),
  (8, 103),
  (8, 104),
  (8, 105),
  (8, 106),
  (8, 107),
  (8, 108),
  (8, 109),
  (8, 110),
  (8, 111),
  (8, 112),
  (8, 113),
  (8, 114),
  (8, 115),
  (8, 116),
  (8, 117),
  (8, 118),
  (8, 119),
  (8, 120),
  (8, 121),
  (8, 122),
  (8, 123),
  (8, 124),
  (8, 125),
  (8, 126),
  (8, 127),
  (8, 128),
  (8, 129),
  (8, 130),
  (8, 131),
  (8, 132),
  (8, 133),
  (8, 134),
  (8, 135),
  (8, 136),
  (8, 137),
  (8, 138),
  (8, 139),
  (8, 140),
  (8, 141),
  (8, 142),
  (8, 143),
  (8, 144),
  (8, 145),
  (8, 146),
  (8, 147),
  (8, 148),
  (8, 149),
  (8, 150),
  (8, 151),
  (8, 152),
  (8, 153),
  (8, 154),
  (8, 155),
  (8, 156),
  (8, 157),
  (8, 158),
  (8, 159),
  (8, 160),
  (8, 161),
  (8, 162),
  (8, 163),
  (8, 164),
  (8, 165),
  (8, 166),
  (8, 167),
  (8, 168),
  (8, 169),
  (8, 171),
  (8, 173),
  (8, 174),
  (8, 175),
  (8, 176),
  (8, 177),
  (8, 178),
  (8, 179),
  (8, 180),
  (8, 181),
  (8, 182),
  (8, 183),
  (8, 184),
  (8, 185),
  (8, 186),
  (8, 187),
  (8, 188),
  (8, 189),
  (8, 190),
  (8, 191),
  (8, 192),
  (8, 193),
  (8, 194),
  (8, 195),
  (8, 196),
  (8, 197),
  (8, 198),
  (8, 199);

--
-- Дамп даних таблиці `educations`
--

INSERT INTO `educations` (`id`, `title`, `parent_id`, `old_id`) VALUES
(1, 'Без освіти', NULL, 1),
(2, 'Загальна середня', NULL, 2),
(3, 'Професійно-технічна', NULL, 3),
(4, 'Неповна вища', NULL, 4),
(5, 'Базова вища', NULL, 5),
(6, 'Повна вища', NULL, 6),
(7, 'Кваліфікований працівник', 3, 7),
(8, 'Молодший спеціаліст', 3, 8),
(9, 'Старший спеціаліст', 4, 9),
(10, 'Бакалавр', 5, 10),
(11, 'Спеціаліст', 6, 11),
(12, 'Магістр', 6, 12);

--
-- Дамп данных таблицы `brands_methodists`
--

INSERT INTO `brands_methodists` (`brand_id`, `user_id`) VALUES
  (1, 4),
  (2, 4),
  (3, 4),
  (4, 4),
  (5, 4),
  (6, 4);

--
-- Дамп данных таблицы `direction_study`
--

INSERT INTO `direction_study` (`title`, `direction_study_group_id`, `is_managerial_position`, `old_position_id`) VALUES
  ('Направление 1', 1, 0, 0), ('Направление 2', 1, 0, 0), ('Направление 3', 1, 0, 0);

--
-- Дамп данных таблицы `posts`
--

INSERT INTO `posts` (`id`, `title`, `alias`) VALUES
  (1,'тестовая должность',''),
  (2,'Тестовая должность 2','');

--
-- Дамп данных таблицы `students_posts`
--

INSERT INTO `students_posts` (`id`, `student`, `rate`, `post`, `dealer`, `appoint_date`) VALUES
  (1, 1, 1, 1, 1, NULL);

--
-- Дамп данных таблицы `students_posts_brands`
--

INSERT INTO `students_posts_brands` (`student_post_id`, `brand_id`) VALUES
  (1, 8),
  (1, 4),
  (1, 5);

--
-- Дамп данных таблицы `students_posts_activities`
--

INSERT INTO `students_posts_activities` (`student_post_id`, `activity_id`) VALUES
  (1, 1);

--
-- Дамп данных таблицы `user_groups`
--

INSERT INTO `user_groups` (`user_id`, `group_id`) VALUES
  (1, 4),
  (2, 4),
  (3, 5),
  (3, 3),
  (4, 4);


INSERT INTO `activities_methodists` (`activity_id`, `user_id`) VALUES ('1', '4');

INSERT INTO `stafflist` (`post`, `direction_study`, `stafflist_group`, `parent`, `department_title`, `staff_old_id`, `parent_old_id`) VALUES
('1', '1', '2', NULL, NULL, '0', '0'),
('2', '1', '2', NULL, NULL, '0', '0');